{"cameraMode":{"drawMode":0,"name":"Shaded","section":"Shading Mode"},"sceneLighting":true,"audioPlay":false,"sceneViewState":{"showFog":true,"showMaterialUpdate":false,"showSkybox":true,"showFlares":true,"showImageEffects":true,"showParticleSystems":true},"in2DMode":false,"pivot":{"x":0.4089336395263672,"y":1.294762372970581,"z":-0.8270294666290283},"rotation":{"x":-0.08845414221286774,"y":0.9112375974655151,"z":-0.2717362344264984,"w":-0.29662299156188967},"size":5.799997329711914,"orthographic":false}